{
  "condition": "minecraft:any_of",
  "terms": [
    {
      "condition": "minecraft:entity_properties",
      "entity": "this",
      "predicate": {
        "slots": {
          "hotbar.*": {
            "components": {
              "minecraft:custom_data": {"function": "ww:time/fast_forward", "fast_forward": true}
            }
          }
        }
      }
    },
    {
      "condition": "minecraft:entity_properties",
      "entity": "this",
      "predicate": {
        "slots": {
          "player.cursor": {
            "components": {
              "minecraft:custom_data": {"function": "ww:time/fast_forward", "fast_forward": true}
            }
          }
        }
      }
    },
    {
      "condition": "minecraft:entity_properties",
      "entity": "this",
      "predicate": {
        "slots": {
          "inventory.*": {
            "components": {
              "minecraft:custom_data": {"function": "ww:time/fast_forward", "fast_forward": true}
            }
          }
        }
      }
    },
    {
      "condition": "minecraft:entity_properties",
      "entity": "this",
      "predicate": {
        "slots": {
          "weapon.*": {
            "components": {
              "minecraft:custom_data": {"function": "ww:time/fast_forward", "fast_forward": true}
            }
          }
        }
      }
    },
    {
      "condition": "minecraft:entity_properties",
      "entity": "this",
      "predicate": {
        "slots": {
          "player.crafting.*": {
            "components": {
              "minecraft:custom_data": {"function": "ww:time/fast_forward", "fast_forward": true}
            }
          }
        }
      }
    }
  ]
}
