{
  "condition": "minecraft:all_of",
  "terms": [
    {
      "condition": "minecraft:inverted",
      "term": {
        "condition": "minecraft:entity_properties",
        "entity": "this",
        "predicate": {
          "equipment": {
            "head": {
              "components": {
                "minecraft:custom_data": {"mask": true}
              }
            },
            "chest": {
              "components": {
                "minecraft:custom_data": {"mask": true}
              }
            },
            "legs": {
              "components": {
                "minecraft:custom_data": {"mask": true}
              }
            },
            "feet": {
              "components": {
                "minecraft:custom_data": {"mask": true}
              }
            }
          }
        }
      }
    },
    {
      "condition": "minecraft:entity_properties",
      "entity": "this",
      "predicate": {
        "effects": {
          "minecraft:invisibility": {}
        }
      }
    }
  ]
}
